Model Name,Accuracy,Coverage,Selective Risk,ECE,F1 Score
Baseline,0.9992509713964702,1.0,0.0007490286035297666,0.013303940966191707,0.7894736842105263
Abstention (Phase 2),0.9990396777064693,0.9993445999719114,0.0009603222935307132,0.002119330697949324,0.7515151515151515
Exp 1 (Standard),0.9995307917888563,0.9977295070455503,0.00046920821114371236,0.003264887180496151,0.855072463768116
Exp 2 (Grad Accum),0.9997180252367414,0.9961378212630495,0.0002819747632586411,0.002541525548743183,0.0
Exp 3 (Mixed Prec),0.9997180782332903,0.9963250784139319,0.00028192176670971403,0.0024573607911349527,0.0
Exp 4 (Combined),0.9995541371380298,0.9974720284630869,0.0004458628619702365,0.004261425162836463,0.8613138686131386
