Accuracy,Coverage,Selective Risk,ECE,F1 Score,Precision (Fraud),Recall (Fraud),Abstained Total,Abstained Legit,Abstained Fraud,CM_TN,CM_FP,CM_FN,CM_TP,Model Name
0.99922756425261,1.0,0.0007724357473900545,0.015049468206391612,0.7843137254901961,0.759493670886076,0.8108108108108109,0,0,0,42629,19,14,60,Baseline
0.9995535504487992,0.9961612284069098,0.0004464495512007671,0.00567103278253745,0.8613138686131386,0.8805970149253731,0.8428571428571429,164,160,4,42480,8,11,59,Abstention (Phase 2)
0.9995535504487992,0.9961612284069098,0.0004464495512007671,0.00567103278253745,0.8613138686131386,0.8805970149253731,0.8428571428571429,164,160,4,42480,8,11,59,Exp 1 (Standard)
0.9994378864530635,0.9993914142596321,0.0005621135469364713,0.019271814910541703,0.8309859154929577,0.8428571428571429,0.8194444444444444,26,24,2,42613,11,13,59,Exp 2 (Grad Accum)
0.9995534140322012,0.9958569355367258,0.0004465859677987849,0.005966616295412084,0.8613138686131386,0.8805970149253731,0.8428571428571429,177,173,4,42467,8,11,59,Exp 3 (Mixed Prec)
0.9994378601208601,0.9993445999719114,0.000562139879139889,0.019328075306429115,0.8309859154929577,0.8428571428571429,0.8194444444444444,28,26,2,42611,11,13,59,Exp 4 (Combined)
